<application>
  <component name="AndroidFoldingSettings">
    <option name="collapseAndroidStrings" value="false" />
    <option name="COLLAPSE_ANDROID_TEXT" value="false" />
  </component>
  <component name="CodeFoldingSettings">
    <option name="COLLAPSE_IMPORTS" value="false" />
    <option name="COLLAPSE_FILE_HEADER" value="false" />
  </component>
  <component name="CodeInsightSettings">
    <option name="SMART_BACKSPACE" value="2" />
    <option name="SMART_INDENT_ON_ENTER" value="false" />
    <option name="INSERT_BRACE_ON_ENTER" value="false" />
    <option name="JAVADOC_STUB_ON_ENTER" value="false" />
    <option name="AUTOINSERT_PAIR_BRACKET" value="false" />
    <option name="AUTOINSERT_PAIR_QUOTE" value="false" />
    <option name="HIGHLIGHT_IDENTIFIER_UNDER_CARET" value="false" />
  </component>
  <component name="DaemonCodeAnalyzerSettings">
    <option name="AUTOREPARSE_DELAY" value="500" />
  </component>
  <component name="EditorSettings">
    <option name="languageBreadcrumbsMap">
      <map>
        <entry key="CSS" value="true" />
        <entry key="FTL" value="true" />
        <entry key="Groovy" value="true" />
        <entry key="HTML" value="true" />
        <entry key="Haml" value="true" />
        <entry key="JAVA" value="false" />
        <entry key="JSON" value="true" />
        <entry key="JSP" value="true" />
        <entry key="JSPX" value="true" />
        <entry key="JavaScript" value="true" />
        <entry key="LESS" value="true" />
        <entry key="Markdown" value="false" />
        <entry key="SASS" value="true" />
        <entry key="SCSS" value="true" />
        <entry key="SQL" value="false" />
        <entry key="Stylus" value="true" />
        <entry key="TypeScript" value="true" />
        <entry key="VTL" value="true" />
        <entry key="XHTML" value="true" />
        <entry key="XML" value="true" />
        <entry key="kotlin" value="false" />
        <entry key="protobuf" value="true" />
        <entry key="yaml" value="true" />
      </map>
    </option>
    <option name="TOOLTIPS_DELAY_MS" value="1000" />
    <option name="CARET_BLINKING_PERIOD" value="1000" />
    <option name="ARE_GUTTER_ICONS_SHOWN" value="false" />
    <option name="IS_FOLDING_OUTLINE_SHOWN" value="false" />
    <option name="SHOW_BREADCRUMBS_ABOVE" value="true" />
    <option name="IS_INDENT_GUIDES_SHOWN" value="false" />
    <option name="IS_DND_ENABLED" value="false" />
  </component>
  <component name="JavaCodeFoldingSettings">
    <option name="collapseConstructorGenericParameters" value="false" />
    <option name="collapseI18nMessages" value="false" />
    <option name="collapseLambdas" value="false" />
    <option name="collapseOneLineMethods" value="false" />
    <option name="collapseSuppressWarnings" value="false" />
  </component>
  <component name="JpaQlFoldingSettings">
    <option name="COLLAPSE_JPA_QUERIES" value="false" />
  </component>
  <component name="XmlFoldingSettings">
    <option name="COLLAPSE_HTML_STYLE_ATTRIBUTE" value="false" />
    <option name="COLLAPSE_ENTITIES" value="false" />
    <option name="COLLAPSE_DATA_URI" value="false" />
  </component>
</application>