<application>
  <component name="ProjectJdkTable">
    <jdk version="2">
      <name value="corretto-17" />
      <type value="JavaSDK" />
      <version value="Amazon Corretto version 17.0.3" />
      <homePath value="$USER_HOME$/.jdks/corretto-17.0.3" />
      <roots>
        <annotationsPath>
          <root type="composite">
            <root url="jar://$APPLICATION_HOME_DIR$/plugins/java/lib/resources/jdkAnnotations.jar!/" type="simple" />
          </root>
        </annotationsPath>
        <classPath>
          <root type="composite">
            <root url="jrt://C:/Users/nsevilla/.jdks/corretto-17.0.3!/java.base" type="simple" />
            <root url="jrt://C:/Users/nsevilla/.jdks/corretto-17.0.3!/java.compiler" type="simple" />
            <root url="jrt://C:/Users/nsevilla/.jdks/corretto-17.0.3!/java.datatransfer" type="simple" />
            <root url="jrt://C:/Users/nsevilla/.jdks/corretto-17.0.3!/java.desktop" type="simple" />
            <root url="jrt://C:/Users/nsevilla/.jdks/corretto-17.0.3!/java.instrument" type="simple" />
            <root url="jrt://C:/Users/nsevilla/.jdks/corretto-17.0.3!/java.logging" type="simple" />
            <root url="jrt://C:/Users/nsevilla/.jdks/corretto-17.0.3!/java.management" type="simple" />
            <root url="jrt://C:/Users/nsevilla/.jdks/corretto-17.0.3!/java.management.rmi" type="simple" />
            <root url="jrt://C:/Users/nsevilla/.jdks/corretto-17.0.3!/java.naming" type="simple" />
            <root url="jrt://C:/Users/nsevilla/.jdks/corretto-17.0.3!/java.net.http" type="simple" />
            <root url="jrt://C:/Users/nsevilla/.jdks/corretto-17.0.3!/java.prefs" type="simple" />
            <root url="jrt://C:/Users/nsevilla/.jdks/corretto-17.0.3!/java.rmi" type="simple" />
            <root url="jrt://C:/Users/nsevilla/.jdks/corretto-17.0.3!/java.scripting" type="simple" />
            <root url="jrt://C:/Users/nsevilla/.jdks/corretto-17.0.3!/java.se" type="simple" />
            <root url="jrt://C:/Users/nsevilla/.jdks/corretto-17.0.3!/java.security.jgss" type="simple" />
            <root url="jrt://C:/Users/nsevilla/.jdks/corretto-17.0.3!/java.security.sasl" type="simple" />
            <root url="jrt://C:/Users/nsevilla/.jdks/corretto-17.0.3!/java.smartcardio" type="simple" />
            <root url="jrt://C:/Users/nsevilla/.jdks/corretto-17.0.3!/java.sql" type="simple" />
            <root url="jrt://C:/Users/nsevilla/.jdks/corretto-17.0.3!/java.sql.rowset" type="simple" />
            <root url="jrt://C:/Users/nsevilla/.jdks/corretto-17.0.3!/java.transaction.xa" type="simple" />
            <root url="jrt://C:/Users/nsevilla/.jdks/corretto-17.0.3!/java.xml" type="simple" />
            <root url="jrt://C:/Users/nsevilla/.jdks/corretto-17.0.3!/java.xml.crypto" type="simple" />
            <root url="jrt://C:/Users/nsevilla/.jdks/corretto-17.0.3!/jdk.accessibility" type="simple" />
            <root url="jrt://C:/Users/nsevilla/.jdks/corretto-17.0.3!/jdk.attach" type="simple" />
            <root url="jrt://C:/Users/nsevilla/.jdks/corretto-17.0.3!/jdk.charsets" type="simple" />
            <root url="jrt://C:/Users/nsevilla/.jdks/corretto-17.0.3!/jdk.compiler" type="simple" />
            <root url="jrt://C:/Users/nsevilla/.jdks/corretto-17.0.3!/jdk.crypto.cryptoki" type="simple" />
            <root url="jrt://C:/Users/nsevilla/.jdks/corretto-17.0.3!/jdk.crypto.ec" type="simple" />
            <root url="jrt://C:/Users/nsevilla/.jdks/corretto-17.0.3!/jdk.crypto.mscapi" type="simple" />
            <root url="jrt://C:/Users/nsevilla/.jdks/corretto-17.0.3!/jdk.dynalink" type="simple" />
            <root url="jrt://C:/Users/nsevilla/.jdks/corretto-17.0.3!/jdk.editpad" type="simple" />
            <root url="jrt://C:/Users/nsevilla/.jdks/corretto-17.0.3!/jdk.hotspot.agent" type="simple" />
            <root url="jrt://C:/Users/nsevilla/.jdks/corretto-17.0.3!/jdk.httpserver" type="simple" />
            <root url="jrt://C:/Users/nsevilla/.jdks/corretto-17.0.3!/jdk.incubator.foreign" type="simple" />
            <root url="jrt://C:/Users/nsevilla/.jdks/corretto-17.0.3!/jdk.incubator.vector" type="simple" />
            <root url="jrt://C:/Users/nsevilla/.jdks/corretto-17.0.3!/jdk.internal.ed" type="simple" />
            <root url="jrt://C:/Users/nsevilla/.jdks/corretto-17.0.3!/jdk.internal.jvmstat" type="simple" />
            <root url="jrt://C:/Users/nsevilla/.jdks/corretto-17.0.3!/jdk.internal.le" type="simple" />
            <root url="jrt://C:/Users/nsevilla/.jdks/corretto-17.0.3!/jdk.internal.opt" type="simple" />
            <root url="jrt://C:/Users/nsevilla/.jdks/corretto-17.0.3!/jdk.internal.vm.ci" type="simple" />
            <root url="jrt://C:/Users/nsevilla/.jdks/corretto-17.0.3!/jdk.internal.vm.compiler" type="simple" />
            <root url="jrt://C:/Users/nsevilla/.jdks/corretto-17.0.3!/jdk.internal.vm.compiler.management" type="simple" />
            <root url="jrt://C:/Users/nsevilla/.jdks/corretto-17.0.3!/jdk.jartool" type="simple" />
            <root url="jrt://C:/Users/nsevilla/.jdks/corretto-17.0.3!/jdk.javadoc" type="simple" />
            <root url="jrt://C:/Users/nsevilla/.jdks/corretto-17.0.3!/jdk.jcmd" type="simple" />
            <root url="jrt://C:/Users/nsevilla/.jdks/corretto-17.0.3!/jdk.jconsole" type="simple" />
            <root url="jrt://C:/Users/nsevilla/.jdks/corretto-17.0.3!/jdk.jdeps" type="simple" />
            <root url="jrt://C:/Users/nsevilla/.jdks/corretto-17.0.3!/jdk.jdi" type="simple" />
            <root url="jrt://C:/Users/nsevilla/.jdks/corretto-17.0.3!/jdk.jdwp.agent" type="simple" />
            <root url="jrt://C:/Users/nsevilla/.jdks/corretto-17.0.3!/jdk.jfr" type="simple" />
            <root url="jrt://C:/Users/nsevilla/.jdks/corretto-17.0.3!/jdk.jlink" type="simple" />
            <root url="jrt://C:/Users/nsevilla/.jdks/corretto-17.0.3!/jdk.jpackage" type="simple" />
            <root url="jrt://C:/Users/nsevilla/.jdks/corretto-17.0.3!/jdk.jshell" type="simple" />
            <root url="jrt://C:/Users/nsevilla/.jdks/corretto-17.0.3!/jdk.jsobject" type="simple" />
            <root url="jrt://C:/Users/nsevilla/.jdks/corretto-17.0.3!/jdk.jstatd" type="simple" />
            <root url="jrt://C:/Users/nsevilla/.jdks/corretto-17.0.3!/jdk.localedata" type="simple" />
            <root url="jrt://C:/Users/nsevilla/.jdks/corretto-17.0.3!/jdk.management" type="simple" />
            <root url="jrt://C:/Users/nsevilla/.jdks/corretto-17.0.3!/jdk.management.agent" type="simple" />
            <root url="jrt://C:/Users/nsevilla/.jdks/corretto-17.0.3!/jdk.management.jfr" type="simple" />
            <root url="jrt://C:/Users/nsevilla/.jdks/corretto-17.0.3!/jdk.naming.dns" type="simple" />
            <root url="jrt://C:/Users/nsevilla/.jdks/corretto-17.0.3!/jdk.naming.rmi" type="simple" />
            <root url="jrt://C:/Users/nsevilla/.jdks/corretto-17.0.3!/jdk.net" type="simple" />
            <root url="jrt://C:/Users/nsevilla/.jdks/corretto-17.0.3!/jdk.nio.mapmode" type="simple" />
            <root url="jrt://C:/Users/nsevilla/.jdks/corretto-17.0.3!/jdk.random" type="simple" />
            <root url="jrt://C:/Users/nsevilla/.jdks/corretto-17.0.3!/jdk.sctp" type="simple" />
            <root url="jrt://C:/Users/nsevilla/.jdks/corretto-17.0.3!/jdk.security.auth" type="simple" />
            <root url="jrt://C:/Users/nsevilla/.jdks/corretto-17.0.3!/jdk.security.jgss" type="simple" />
            <root url="jrt://C:/Users/nsevilla/.jdks/corretto-17.0.3!/jdk.unsupported" type="simple" />
            <root url="jrt://C:/Users/nsevilla/.jdks/corretto-17.0.3!/jdk.unsupported.desktop" type="simple" />
            <root url="jrt://C:/Users/nsevilla/.jdks/corretto-17.0.3!/jdk.xml.dom" type="simple" />
            <root url="jrt://C:/Users/nsevilla/.jdks/corretto-17.0.3!/jdk.zipfs" type="simple" />
          </root>
        </classPath>
        <javadocPath>
          <root type="composite" />
        </javadocPath>
        <sourcePath>
          <root type="composite">
            <root url="jar://$USER_HOME$/.jdks/corretto-17.0.3/lib/src.zip!/java.se" type="simple" />
            <root url="jar://$USER_HOME$/.jdks/corretto-17.0.3/lib/src.zip!/jdk.jdi" type="simple" />
            <root url="jar://$USER_HOME$/.jdks/corretto-17.0.3/lib/src.zip!/jdk.jfr" type="simple" />
            <root url="jar://$USER_HOME$/.jdks/corretto-17.0.3/lib/src.zip!/jdk.net" type="simple" />
            <root url="jar://$USER_HOME$/.jdks/corretto-17.0.3/lib/src.zip!/java.rmi" type="simple" />
            <root url="jar://$USER_HOME$/.jdks/corretto-17.0.3/lib/src.zip!/java.sql" type="simple" />
            <root url="jar://$USER_HOME$/.jdks/corretto-17.0.3/lib/src.zip!/java.xml" type="simple" />
            <root url="jar://$USER_HOME$/.jdks/corretto-17.0.3/lib/src.zip!/jdk.jcmd" type="simple" />
            <root url="jar://$USER_HOME$/.jdks/corretto-17.0.3/lib/src.zip!/jdk.sctp" type="simple" />
            <root url="jar://$USER_HOME$/.jdks/corretto-17.0.3/lib/src.zip!/java.base" type="simple" />
            <root url="jar://$USER_HOME$/.jdks/corretto-17.0.3/lib/src.zip!/jdk.jdeps" type="simple" />
            <root url="jar://$USER_HOME$/.jdks/corretto-17.0.3/lib/src.zip!/jdk.jlink" type="simple" />
            <root url="jar://$USER_HOME$/.jdks/corretto-17.0.3/lib/src.zip!/jdk.zipfs" type="simple" />
            <root url="jar://$USER_HOME$/.jdks/corretto-17.0.3/lib/src.zip!/java.prefs" type="simple" />
            <root url="jar://$USER_HOME$/.jdks/corretto-17.0.3/lib/src.zip!/jdk.attach" type="simple" />
            <root url="jar://$USER_HOME$/.jdks/corretto-17.0.3/lib/src.zip!/jdk.jshell" type="simple" />
            <root url="jar://$USER_HOME$/.jdks/corretto-17.0.3/lib/src.zip!/jdk.jstatd" type="simple" />
            <root url="jar://$USER_HOME$/.jdks/corretto-17.0.3/lib/src.zip!/jdk.random" type="simple" />
            <root url="jar://$USER_HOME$/.jdks/corretto-17.0.3/lib/src.zip!/java.naming" type="simple" />
            <root url="jar://$USER_HOME$/.jdks/corretto-17.0.3/lib/src.zip!/jdk.editpad" type="simple" />
            <root url="jar://$USER_HOME$/.jdks/corretto-17.0.3/lib/src.zip!/jdk.jartool" type="simple" />
            <root url="jar://$USER_HOME$/.jdks/corretto-17.0.3/lib/src.zip!/jdk.javadoc" type="simple" />
            <root url="jar://$USER_HOME$/.jdks/corretto-17.0.3/lib/src.zip!/jdk.xml.dom" type="simple" />
            <root url="jar://$USER_HOME$/.jdks/corretto-17.0.3/lib/src.zip!/java.desktop" type="simple" />
            <root url="jar://$USER_HOME$/.jdks/corretto-17.0.3/lib/src.zip!/java.logging" type="simple" />
            <root url="jar://$USER_HOME$/.jdks/corretto-17.0.3/lib/src.zip!/jdk.charsets" type="simple" />
            <root url="jar://$USER_HOME$/.jdks/corretto-17.0.3/lib/src.zip!/jdk.compiler" type="simple" />
            <root url="jar://$USER_HOME$/.jdks/corretto-17.0.3/lib/src.zip!/jdk.dynalink" type="simple" />
            <root url="jar://$USER_HOME$/.jdks/corretto-17.0.3/lib/src.zip!/jdk.jconsole" type="simple" />
            <root url="jar://$USER_HOME$/.jdks/corretto-17.0.3/lib/src.zip!/jdk.jpackage" type="simple" />
            <root url="jar://$USER_HOME$/.jdks/corretto-17.0.3/lib/src.zip!/jdk.jsobject" type="simple" />
            <root url="jar://$USER_HOME$/.jdks/corretto-17.0.3/lib/src.zip!/java.compiler" type="simple" />
            <root url="jar://$USER_HOME$/.jdks/corretto-17.0.3/lib/src.zip!/java.net.http" type="simple" />
            <root url="jar://$USER_HOME$/.jdks/corretto-17.0.3/lib/src.zip!/jdk.crypto.ec" type="simple" />
            <root url="jar://$USER_HOME$/.jdks/corretto-17.0.3/lib/src.zip!/java.scripting" type="simple" />
            <root url="jar://$USER_HOME$/.jdks/corretto-17.0.3/lib/src.zip!/jdk.httpserver" type="simple" />
            <root url="jar://$USER_HOME$/.jdks/corretto-17.0.3/lib/src.zip!/jdk.jdwp.agent" type="simple" />
            <root url="jar://$USER_HOME$/.jdks/corretto-17.0.3/lib/src.zip!/jdk.localedata" type="simple" />
            <root url="jar://$USER_HOME$/.jdks/corretto-17.0.3/lib/src.zip!/jdk.management" type="simple" />
            <root url="jar://$USER_HOME$/.jdks/corretto-17.0.3/lib/src.zip!/jdk.naming.dns" type="simple" />
            <root url="jar://$USER_HOME$/.jdks/corretto-17.0.3/lib/src.zip!/jdk.naming.rmi" type="simple" />
            <root url="jar://$USER_HOME$/.jdks/corretto-17.0.3/lib/src.zip!/java.instrument" type="simple" />
            <root url="jar://$USER_HOME$/.jdks/corretto-17.0.3/lib/src.zip!/java.management" type="simple" />
            <root url="jar://$USER_HOME$/.jdks/corretto-17.0.3/lib/src.zip!/java.sql.rowset" type="simple" />
            <root url="jar://$USER_HOME$/.jdks/corretto-17.0.3/lib/src.zip!/java.xml.crypto" type="simple" />
            <root url="jar://$USER_HOME$/.jdks/corretto-17.0.3/lib/src.zip!/jdk.internal.ed" type="simple" />
            <root url="jar://$USER_HOME$/.jdks/corretto-17.0.3/lib/src.zip!/jdk.internal.le" type="simple" />
            <root url="jar://$USER_HOME$/.jdks/corretto-17.0.3/lib/src.zip!/jdk.nio.mapmode" type="simple" />
            <root url="jar://$USER_HOME$/.jdks/corretto-17.0.3/lib/src.zip!/jdk.unsupported" type="simple" />
            <root url="jar://$USER_HOME$/.jdks/corretto-17.0.3/lib/src.zip!/java.smartcardio" type="simple" />
            <root url="jar://$USER_HOME$/.jdks/corretto-17.0.3/lib/src.zip!/jdk.internal.opt" type="simple" />
            <root url="jar://$USER_HOME$/.jdks/corretto-17.0.3/lib/src.zip!/java.datatransfer" type="simple" />
            <root url="jar://$USER_HOME$/.jdks/corretto-17.0.3/lib/src.zip!/jdk.accessibility" type="simple" />
            <root url="jar://$USER_HOME$/.jdks/corretto-17.0.3/lib/src.zip!/jdk.crypto.mscapi" type="simple" />
            <root url="jar://$USER_HOME$/.jdks/corretto-17.0.3/lib/src.zip!/jdk.hotspot.agent" type="simple" />
            <root url="jar://$USER_HOME$/.jdks/corretto-17.0.3/lib/src.zip!/jdk.security.auth" type="simple" />
            <root url="jar://$USER_HOME$/.jdks/corretto-17.0.3/lib/src.zip!/jdk.security.jgss" type="simple" />
            <root url="jar://$USER_HOME$/.jdks/corretto-17.0.3/lib/src.zip!/java.security.jgss" type="simple" />
            <root url="jar://$USER_HOME$/.jdks/corretto-17.0.3/lib/src.zip!/java.security.sasl" type="simple" />
            <root url="jar://$USER_HOME$/.jdks/corretto-17.0.3/lib/src.zip!/jdk.internal.vm.ci" type="simple" />
            <root url="jar://$USER_HOME$/.jdks/corretto-17.0.3/lib/src.zip!/jdk.management.jfr" type="simple" />
            <root url="jar://$USER_HOME$/.jdks/corretto-17.0.3/lib/src.zip!/java.management.rmi" type="simple" />
            <root url="jar://$USER_HOME$/.jdks/corretto-17.0.3/lib/src.zip!/java.transaction.xa" type="simple" />
            <root url="jar://$USER_HOME$/.jdks/corretto-17.0.3/lib/src.zip!/jdk.crypto.cryptoki" type="simple" />
            <root url="jar://$USER_HOME$/.jdks/corretto-17.0.3/lib/src.zip!/jdk.incubator.vector" type="simple" />
            <root url="jar://$USER_HOME$/.jdks/corretto-17.0.3/lib/src.zip!/jdk.internal.jvmstat" type="simple" />
            <root url="jar://$USER_HOME$/.jdks/corretto-17.0.3/lib/src.zip!/jdk.management.agent" type="simple" />
            <root url="jar://$USER_HOME$/.jdks/corretto-17.0.3/lib/src.zip!/jdk.incubator.foreign" type="simple" />
            <root url="jar://$USER_HOME$/.jdks/corretto-17.0.3/lib/src.zip!/jdk.unsupported.desktop" type="simple" />
            <root url="jar://$USER_HOME$/.jdks/corretto-17.0.3/lib/src.zip!/jdk.internal.vm.compiler" type="simple" />
            <root url="jar://$USER_HOME$/.jdks/corretto-17.0.3/lib/src.zip!/jdk.internal.vm.compiler.management" type="simple" />
          </root>
        </sourcePath>
      </roots>
      <additional />
    </jdk>
    <jdk version="2">
      <name value="Kotlin SDK" />
      <type value="KotlinSDK" />
      <homePath value="" />
      <roots>
        <annotationsPath>
          <root type="composite" />
        </annotationsPath>
        <classPath>
          <root type="composite" />
        </classPath>
        <javadocPath>
          <root type="composite" />
        </javadocPath>
        <sourcePath>
          <root type="composite" />
        </sourcePath>
      </roots>
      <additional />
    </jdk>
    <jdk version="2">
      <name value="azul-15" />
      <type value="JavaSDK" />
      <version value="Azul Zulu version 15.0.7" />
      <homePath value="$USER_HOME$/.jdks/azul-15.0.7" />
      <roots>
        <annotationsPath>
          <root type="composite">
            <root url="jar://$APPLICATION_HOME_DIR$/plugins/java/lib/resources/jdkAnnotations.jar!/" type="simple" />
          </root>
        </annotationsPath>
        <classPath>
          <root type="composite">
            <root url="jrt://C:/Users/nsevilla/.jdks/azul-15.0.7!/java.base" type="simple" />
            <root url="jrt://C:/Users/nsevilla/.jdks/azul-15.0.7!/java.compiler" type="simple" />
            <root url="jrt://C:/Users/nsevilla/.jdks/azul-15.0.7!/java.datatransfer" type="simple" />
            <root url="jrt://C:/Users/nsevilla/.jdks/azul-15.0.7!/java.desktop" type="simple" />
            <root url="jrt://C:/Users/nsevilla/.jdks/azul-15.0.7!/java.instrument" type="simple" />
            <root url="jrt://C:/Users/nsevilla/.jdks/azul-15.0.7!/java.logging" type="simple" />
            <root url="jrt://C:/Users/nsevilla/.jdks/azul-15.0.7!/java.management" type="simple" />
            <root url="jrt://C:/Users/nsevilla/.jdks/azul-15.0.7!/java.management.rmi" type="simple" />
            <root url="jrt://C:/Users/nsevilla/.jdks/azul-15.0.7!/java.naming" type="simple" />
            <root url="jrt://C:/Users/nsevilla/.jdks/azul-15.0.7!/java.net.http" type="simple" />
            <root url="jrt://C:/Users/nsevilla/.jdks/azul-15.0.7!/java.prefs" type="simple" />
            <root url="jrt://C:/Users/nsevilla/.jdks/azul-15.0.7!/java.rmi" type="simple" />
            <root url="jrt://C:/Users/nsevilla/.jdks/azul-15.0.7!/java.scripting" type="simple" />
            <root url="jrt://C:/Users/nsevilla/.jdks/azul-15.0.7!/java.se" type="simple" />
            <root url="jrt://C:/Users/nsevilla/.jdks/azul-15.0.7!/java.security.jgss" type="simple" />
            <root url="jrt://C:/Users/nsevilla/.jdks/azul-15.0.7!/java.security.sasl" type="simple" />
            <root url="jrt://C:/Users/nsevilla/.jdks/azul-15.0.7!/java.smartcardio" type="simple" />
            <root url="jrt://C:/Users/nsevilla/.jdks/azul-15.0.7!/java.sql" type="simple" />
            <root url="jrt://C:/Users/nsevilla/.jdks/azul-15.0.7!/java.sql.rowset" type="simple" />
            <root url="jrt://C:/Users/nsevilla/.jdks/azul-15.0.7!/java.transaction.xa" type="simple" />
            <root url="jrt://C:/Users/nsevilla/.jdks/azul-15.0.7!/java.xml" type="simple" />
            <root url="jrt://C:/Users/nsevilla/.jdks/azul-15.0.7!/java.xml.crypto" type="simple" />
            <root url="jrt://C:/Users/nsevilla/.jdks/azul-15.0.7!/jdk.accessibility" type="simple" />
            <root url="jrt://C:/Users/nsevilla/.jdks/azul-15.0.7!/jdk.aot" type="simple" />
            <root url="jrt://C:/Users/nsevilla/.jdks/azul-15.0.7!/jdk.attach" type="simple" />
            <root url="jrt://C:/Users/nsevilla/.jdks/azul-15.0.7!/jdk.charsets" type="simple" />
            <root url="jrt://C:/Users/nsevilla/.jdks/azul-15.0.7!/jdk.compiler" type="simple" />
            <root url="jrt://C:/Users/nsevilla/.jdks/azul-15.0.7!/jdk.crypto.cryptoki" type="simple" />
            <root url="jrt://C:/Users/nsevilla/.jdks/azul-15.0.7!/jdk.crypto.ec" type="simple" />
            <root url="jrt://C:/Users/nsevilla/.jdks/azul-15.0.7!/jdk.crypto.mscapi" type="simple" />
            <root url="jrt://C:/Users/nsevilla/.jdks/azul-15.0.7!/jdk.dynalink" type="simple" />
            <root url="jrt://C:/Users/nsevilla/.jdks/azul-15.0.7!/jdk.editpad" type="simple" />
            <root url="jrt://C:/Users/nsevilla/.jdks/azul-15.0.7!/jdk.hotspot.agent" type="simple" />
            <root url="jrt://C:/Users/nsevilla/.jdks/azul-15.0.7!/jdk.httpserver" type="simple" />
            <root url="jrt://C:/Users/nsevilla/.jdks/azul-15.0.7!/jdk.incubator.foreign" type="simple" />
            <root url="jrt://C:/Users/nsevilla/.jdks/azul-15.0.7!/jdk.incubator.jpackage" type="simple" />
            <root url="jrt://C:/Users/nsevilla/.jdks/azul-15.0.7!/jdk.internal.ed" type="simple" />
            <root url="jrt://C:/Users/nsevilla/.jdks/azul-15.0.7!/jdk.internal.jvmstat" type="simple" />
            <root url="jrt://C:/Users/nsevilla/.jdks/azul-15.0.7!/jdk.internal.le" type="simple" />
            <root url="jrt://C:/Users/nsevilla/.jdks/azul-15.0.7!/jdk.internal.opt" type="simple" />
            <root url="jrt://C:/Users/nsevilla/.jdks/azul-15.0.7!/jdk.internal.vm.ci" type="simple" />
            <root url="jrt://C:/Users/nsevilla/.jdks/azul-15.0.7!/jdk.internal.vm.compiler" type="simple" />
            <root url="jrt://C:/Users/nsevilla/.jdks/azul-15.0.7!/jdk.internal.vm.compiler.management" type="simple" />
            <root url="jrt://C:/Users/nsevilla/.jdks/azul-15.0.7!/jdk.jartool" type="simple" />
            <root url="jrt://C:/Users/nsevilla/.jdks/azul-15.0.7!/jdk.javadoc" type="simple" />
            <root url="jrt://C:/Users/nsevilla/.jdks/azul-15.0.7!/jdk.jcmd" type="simple" />
            <root url="jrt://C:/Users/nsevilla/.jdks/azul-15.0.7!/jdk.jconsole" type="simple" />
            <root url="jrt://C:/Users/nsevilla/.jdks/azul-15.0.7!/jdk.jdeps" type="simple" />
            <root url="jrt://C:/Users/nsevilla/.jdks/azul-15.0.7!/jdk.jdi" type="simple" />
            <root url="jrt://C:/Users/nsevilla/.jdks/azul-15.0.7!/jdk.jdwp.agent" type="simple" />
            <root url="jrt://C:/Users/nsevilla/.jdks/azul-15.0.7!/jdk.jfr" type="simple" />
            <root url="jrt://C:/Users/nsevilla/.jdks/azul-15.0.7!/jdk.jlink" type="simple" />
            <root url="jrt://C:/Users/nsevilla/.jdks/azul-15.0.7!/jdk.jshell" type="simple" />
            <root url="jrt://C:/Users/nsevilla/.jdks/azul-15.0.7!/jdk.jsobject" type="simple" />
            <root url="jrt://C:/Users/nsevilla/.jdks/azul-15.0.7!/jdk.jstatd" type="simple" />
            <root url="jrt://C:/Users/nsevilla/.jdks/azul-15.0.7!/jdk.localedata" type="simple" />
            <root url="jrt://C:/Users/nsevilla/.jdks/azul-15.0.7!/jdk.management" type="simple" />
            <root url="jrt://C:/Users/nsevilla/.jdks/azul-15.0.7!/jdk.management.agent" type="simple" />
            <root url="jrt://C:/Users/nsevilla/.jdks/azul-15.0.7!/jdk.management.jfr" type="simple" />
            <root url="jrt://C:/Users/nsevilla/.jdks/azul-15.0.7!/jdk.naming.dns" type="simple" />
            <root url="jrt://C:/Users/nsevilla/.jdks/azul-15.0.7!/jdk.naming.rmi" type="simple" />
            <root url="jrt://C:/Users/nsevilla/.jdks/azul-15.0.7!/jdk.net" type="simple" />
            <root url="jrt://C:/Users/nsevilla/.jdks/azul-15.0.7!/jdk.nio.mapmode" type="simple" />
            <root url="jrt://C:/Users/nsevilla/.jdks/azul-15.0.7!/jdk.sctp" type="simple" />
            <root url="jrt://C:/Users/nsevilla/.jdks/azul-15.0.7!/jdk.security.auth" type="simple" />
            <root url="jrt://C:/Users/nsevilla/.jdks/azul-15.0.7!/jdk.security.jgss" type="simple" />
            <root url="jrt://C:/Users/nsevilla/.jdks/azul-15.0.7!/jdk.unsupported" type="simple" />
            <root url="jrt://C:/Users/nsevilla/.jdks/azul-15.0.7!/jdk.unsupported.desktop" type="simple" />
            <root url="jrt://C:/Users/nsevilla/.jdks/azul-15.0.7!/jdk.xml.dom" type="simple" />
            <root url="jrt://C:/Users/nsevilla/.jdks/azul-15.0.7!/jdk.zipfs" type="simple" />
          </root>
        </classPath>
        <javadocPath>
          <root type="composite" />
        </javadocPath>
        <sourcePath>
          <root type="composite">
            <root url="jar://$USER_HOME$/.jdks/azul-15.0.7/lib/src.zip!/java.se" type="simple" />
            <root url="jar://$USER_HOME$/.jdks/azul-15.0.7/lib/src.zip!/jdk.aot" type="simple" />
            <root url="jar://$USER_HOME$/.jdks/azul-15.0.7/lib/src.zip!/jdk.jdi" type="simple" />
            <root url="jar://$USER_HOME$/.jdks/azul-15.0.7/lib/src.zip!/jdk.jfr" type="simple" />
            <root url="jar://$USER_HOME$/.jdks/azul-15.0.7/lib/src.zip!/jdk.net" type="simple" />
            <root url="jar://$USER_HOME$/.jdks/azul-15.0.7/lib/src.zip!/java.rmi" type="simple" />
            <root url="jar://$USER_HOME$/.jdks/azul-15.0.7/lib/src.zip!/java.sql" type="simple" />
            <root url="jar://$USER_HOME$/.jdks/azul-15.0.7/lib/src.zip!/java.xml" type="simple" />
            <root url="jar://$USER_HOME$/.jdks/azul-15.0.7/lib/src.zip!/jdk.jcmd" type="simple" />
            <root url="jar://$USER_HOME$/.jdks/azul-15.0.7/lib/src.zip!/jdk.sctp" type="simple" />
            <root url="jar://$USER_HOME$/.jdks/azul-15.0.7/lib/src.zip!/java.base" type="simple" />
            <root url="jar://$USER_HOME$/.jdks/azul-15.0.7/lib/src.zip!/jdk.jdeps" type="simple" />
            <root url="jar://$USER_HOME$/.jdks/azul-15.0.7/lib/src.zip!/jdk.jlink" type="simple" />
            <root url="jar://$USER_HOME$/.jdks/azul-15.0.7/lib/src.zip!/jdk.zipfs" type="simple" />
            <root url="jar://$USER_HOME$/.jdks/azul-15.0.7/lib/src.zip!/java.prefs" type="simple" />
            <root url="jar://$USER_HOME$/.jdks/azul-15.0.7/lib/src.zip!/jdk.attach" type="simple" />
            <root url="jar://$USER_HOME$/.jdks/azul-15.0.7/lib/src.zip!/jdk.jshell" type="simple" />
            <root url="jar://$USER_HOME$/.jdks/azul-15.0.7/lib/src.zip!/jdk.jstatd" type="simple" />
            <root url="jar://$USER_HOME$/.jdks/azul-15.0.7/lib/src.zip!/java.naming" type="simple" />
            <root url="jar://$USER_HOME$/.jdks/azul-15.0.7/lib/src.zip!/jdk.editpad" type="simple" />
            <root url="jar://$USER_HOME$/.jdks/azul-15.0.7/lib/src.zip!/jdk.jartool" type="simple" />
            <root url="jar://$USER_HOME$/.jdks/azul-15.0.7/lib/src.zip!/jdk.javadoc" type="simple" />
            <root url="jar://$USER_HOME$/.jdks/azul-15.0.7/lib/src.zip!/jdk.xml.dom" type="simple" />
            <root url="jar://$USER_HOME$/.jdks/azul-15.0.7/lib/src.zip!/java.desktop" type="simple" />
            <root url="jar://$USER_HOME$/.jdks/azul-15.0.7/lib/src.zip!/java.logging" type="simple" />
            <root url="jar://$USER_HOME$/.jdks/azul-15.0.7/lib/src.zip!/jdk.charsets" type="simple" />
            <root url="jar://$USER_HOME$/.jdks/azul-15.0.7/lib/src.zip!/jdk.compiler" type="simple" />
            <root url="jar://$USER_HOME$/.jdks/azul-15.0.7/lib/src.zip!/jdk.dynalink" type="simple" />
            <root url="jar://$USER_HOME$/.jdks/azul-15.0.7/lib/src.zip!/jdk.jconsole" type="simple" />
            <root url="jar://$USER_HOME$/.jdks/azul-15.0.7/lib/src.zip!/jdk.jsobject" type="simple" />
            <root url="jar://$USER_HOME$/.jdks/azul-15.0.7/lib/src.zip!/java.compiler" type="simple" />
            <root url="jar://$USER_HOME$/.jdks/azul-15.0.7/lib/src.zip!/java.net.http" type="simple" />
            <root url="jar://$USER_HOME$/.jdks/azul-15.0.7/lib/src.zip!/jdk.crypto.ec" type="simple" />
            <root url="jar://$USER_HOME$/.jdks/azul-15.0.7/lib/src.zip!/java.scripting" type="simple" />
            <root url="jar://$USER_HOME$/.jdks/azul-15.0.7/lib/src.zip!/jdk.httpserver" type="simple" />
            <root url="jar://$USER_HOME$/.jdks/azul-15.0.7/lib/src.zip!/jdk.jdwp.agent" type="simple" />
            <root url="jar://$USER_HOME$/.jdks/azul-15.0.7/lib/src.zip!/jdk.localedata" type="simple" />
            <root url="jar://$USER_HOME$/.jdks/azul-15.0.7/lib/src.zip!/jdk.management" type="simple" />
            <root url="jar://$USER_HOME$/.jdks/azul-15.0.7/lib/src.zip!/jdk.naming.dns" type="simple" />
            <root url="jar://$USER_HOME$/.jdks/azul-15.0.7/lib/src.zip!/jdk.naming.rmi" type="simple" />
            <root url="jar://$USER_HOME$/.jdks/azul-15.0.7/lib/src.zip!/java.instrument" type="simple" />
            <root url="jar://$USER_HOME$/.jdks/azul-15.0.7/lib/src.zip!/java.management" type="simple" />
            <root url="jar://$USER_HOME$/.jdks/azul-15.0.7/lib/src.zip!/java.sql.rowset" type="simple" />
            <root url="jar://$USER_HOME$/.jdks/azul-15.0.7/lib/src.zip!/java.xml.crypto" type="simple" />
            <root url="jar://$USER_HOME$/.jdks/azul-15.0.7/lib/src.zip!/jdk.internal.ed" type="simple" />
            <root url="jar://$USER_HOME$/.jdks/azul-15.0.7/lib/src.zip!/jdk.internal.le" type="simple" />
            <root url="jar://$USER_HOME$/.jdks/azul-15.0.7/lib/src.zip!/jdk.nio.mapmode" type="simple" />
            <root url="jar://$USER_HOME$/.jdks/azul-15.0.7/lib/src.zip!/jdk.unsupported" type="simple" />
            <root url="jar://$USER_HOME$/.jdks/azul-15.0.7/lib/src.zip!/java.smartcardio" type="simple" />
            <root url="jar://$USER_HOME$/.jdks/azul-15.0.7/lib/src.zip!/jdk.internal.opt" type="simple" />
            <root url="jar://$USER_HOME$/.jdks/azul-15.0.7/lib/src.zip!/java.datatransfer" type="simple" />
            <root url="jar://$USER_HOME$/.jdks/azul-15.0.7/lib/src.zip!/jdk.accessibility" type="simple" />
            <root url="jar://$USER_HOME$/.jdks/azul-15.0.7/lib/src.zip!/jdk.crypto.mscapi" type="simple" />
            <root url="jar://$USER_HOME$/.jdks/azul-15.0.7/lib/src.zip!/jdk.hotspot.agent" type="simple" />
            <root url="jar://$USER_HOME$/.jdks/azul-15.0.7/lib/src.zip!/jdk.security.auth" type="simple" />
            <root url="jar://$USER_HOME$/.jdks/azul-15.0.7/lib/src.zip!/jdk.security.jgss" type="simple" />
            <root url="jar://$USER_HOME$/.jdks/azul-15.0.7/lib/src.zip!/java.security.jgss" type="simple" />
            <root url="jar://$USER_HOME$/.jdks/azul-15.0.7/lib/src.zip!/java.security.sasl" type="simple" />
            <root url="jar://$USER_HOME$/.jdks/azul-15.0.7/lib/src.zip!/jdk.internal.vm.ci" type="simple" />
            <root url="jar://$USER_HOME$/.jdks/azul-15.0.7/lib/src.zip!/jdk.management.jfr" type="simple" />
            <root url="jar://$USER_HOME$/.jdks/azul-15.0.7/lib/src.zip!/java.management.rmi" type="simple" />
            <root url="jar://$USER_HOME$/.jdks/azul-15.0.7/lib/src.zip!/java.transaction.xa" type="simple" />
            <root url="jar://$USER_HOME$/.jdks/azul-15.0.7/lib/src.zip!/jdk.crypto.cryptoki" type="simple" />
            <root url="jar://$USER_HOME$/.jdks/azul-15.0.7/lib/src.zip!/jdk.internal.jvmstat" type="simple" />
            <root url="jar://$USER_HOME$/.jdks/azul-15.0.7/lib/src.zip!/jdk.management.agent" type="simple" />
            <root url="jar://$USER_HOME$/.jdks/azul-15.0.7/lib/src.zip!/jdk.incubator.foreign" type="simple" />
            <root url="jar://$USER_HOME$/.jdks/azul-15.0.7/lib/src.zip!/jdk.incubator.jpackage" type="simple" />
            <root url="jar://$USER_HOME$/.jdks/azul-15.0.7/lib/src.zip!/jdk.unsupported.desktop" type="simple" />
            <root url="jar://$USER_HOME$/.jdks/azul-15.0.7/lib/src.zip!/jdk.internal.vm.compiler" type="simple" />
            <root url="jar://$USER_HOME$/.jdks/azul-15.0.7/lib/src.zip!/jdk.internal.vm.compiler.management" type="simple" />
          </root>
        </sourcePath>
      </roots>
      <additional />
    </jdk>
    <jdk version="2">
      <name value="corretto-11 (WSL)" />
      <type value="JavaSDK" />
      <version value="Amazon Corretto version 11.0.15" />
      <homePath value="//wsl$/Ubuntu-22.04/home/nok/.sdkman/candidates/java/11.0.15.9.1-amzn" />
      <roots>
        <annotationsPath>
          <root type="composite">
            <root url="jar://$APPLICATION_HOME_DIR$/plugins/java/lib/resources/jdkAnnotations.jar!/" type="simple" />
          </root>
        </annotationsPath>
        <classPath>
          <root type="composite">
            <root url="jrt:////wsl$/Ubuntu-22.04/home/nok/.sdkman/candidates/java/11.0.15.9.1-amzn!/java.base" type="simple" />
            <root url="jrt:////wsl$/Ubuntu-22.04/home/nok/.sdkman/candidates/java/11.0.15.9.1-amzn!/java.compiler" type="simple" />
            <root url="jrt:////wsl$/Ubuntu-22.04/home/nok/.sdkman/candidates/java/11.0.15.9.1-amzn!/java.datatransfer" type="simple" />
            <root url="jrt:////wsl$/Ubuntu-22.04/home/nok/.sdkman/candidates/java/11.0.15.9.1-amzn!/java.desktop" type="simple" />
            <root url="jrt:////wsl$/Ubuntu-22.04/home/nok/.sdkman/candidates/java/11.0.15.9.1-amzn!/java.instrument" type="simple" />
            <root url="jrt:////wsl$/Ubuntu-22.04/home/nok/.sdkman/candidates/java/11.0.15.9.1-amzn!/java.logging" type="simple" />
            <root url="jrt:////wsl$/Ubuntu-22.04/home/nok/.sdkman/candidates/java/11.0.15.9.1-amzn!/java.management" type="simple" />
            <root url="jrt:////wsl$/Ubuntu-22.04/home/nok/.sdkman/candidates/java/11.0.15.9.1-amzn!/java.management.rmi" type="simple" />
            <root url="jrt:////wsl$/Ubuntu-22.04/home/nok/.sdkman/candidates/java/11.0.15.9.1-amzn!/java.naming" type="simple" />
            <root url="jrt:////wsl$/Ubuntu-22.04/home/nok/.sdkman/candidates/java/11.0.15.9.1-amzn!/java.net.http" type="simple" />
            <root url="jrt:////wsl$/Ubuntu-22.04/home/nok/.sdkman/candidates/java/11.0.15.9.1-amzn!/java.prefs" type="simple" />
            <root url="jrt:////wsl$/Ubuntu-22.04/home/nok/.sdkman/candidates/java/11.0.15.9.1-amzn!/java.rmi" type="simple" />
            <root url="jrt:////wsl$/Ubuntu-22.04/home/nok/.sdkman/candidates/java/11.0.15.9.1-amzn!/java.scripting" type="simple" />
            <root url="jrt:////wsl$/Ubuntu-22.04/home/nok/.sdkman/candidates/java/11.0.15.9.1-amzn!/java.se" type="simple" />
            <root url="jrt:////wsl$/Ubuntu-22.04/home/nok/.sdkman/candidates/java/11.0.15.9.1-amzn!/java.security.jgss" type="simple" />
            <root url="jrt:////wsl$/Ubuntu-22.04/home/nok/.sdkman/candidates/java/11.0.15.9.1-amzn!/java.security.sasl" type="simple" />
            <root url="jrt:////wsl$/Ubuntu-22.04/home/nok/.sdkman/candidates/java/11.0.15.9.1-amzn!/java.smartcardio" type="simple" />
            <root url="jrt:////wsl$/Ubuntu-22.04/home/nok/.sdkman/candidates/java/11.0.15.9.1-amzn!/java.sql" type="simple" />
            <root url="jrt:////wsl$/Ubuntu-22.04/home/nok/.sdkman/candidates/java/11.0.15.9.1-amzn!/java.sql.rowset" type="simple" />
            <root url="jrt:////wsl$/Ubuntu-22.04/home/nok/.sdkman/candidates/java/11.0.15.9.1-amzn!/java.transaction.xa" type="simple" />
            <root url="jrt:////wsl$/Ubuntu-22.04/home/nok/.sdkman/candidates/java/11.0.15.9.1-amzn!/java.xml" type="simple" />
            <root url="jrt:////wsl$/Ubuntu-22.04/home/nok/.sdkman/candidates/java/11.0.15.9.1-amzn!/java.xml.crypto" type="simple" />
            <root url="jrt:////wsl$/Ubuntu-22.04/home/nok/.sdkman/candidates/java/11.0.15.9.1-amzn!/jdk.accessibility" type="simple" />
            <root url="jrt:////wsl$/Ubuntu-22.04/home/nok/.sdkman/candidates/java/11.0.15.9.1-amzn!/jdk.aot" type="simple" />
            <root url="jrt:////wsl$/Ubuntu-22.04/home/nok/.sdkman/candidates/java/11.0.15.9.1-amzn!/jdk.attach" type="simple" />
            <root url="jrt:////wsl$/Ubuntu-22.04/home/nok/.sdkman/candidates/java/11.0.15.9.1-amzn!/jdk.charsets" type="simple" />
            <root url="jrt:////wsl$/Ubuntu-22.04/home/nok/.sdkman/candidates/java/11.0.15.9.1-amzn!/jdk.compiler" type="simple" />
            <root url="jrt:////wsl$/Ubuntu-22.04/home/nok/.sdkman/candidates/java/11.0.15.9.1-amzn!/jdk.crypto.cryptoki" type="simple" />
            <root url="jrt:////wsl$/Ubuntu-22.04/home/nok/.sdkman/candidates/java/11.0.15.9.1-amzn!/jdk.crypto.ec" type="simple" />
            <root url="jrt:////wsl$/Ubuntu-22.04/home/nok/.sdkman/candidates/java/11.0.15.9.1-amzn!/jdk.dynalink" type="simple" />
            <root url="jrt:////wsl$/Ubuntu-22.04/home/nok/.sdkman/candidates/java/11.0.15.9.1-amzn!/jdk.editpad" type="simple" />
            <root url="jrt:////wsl$/Ubuntu-22.04/home/nok/.sdkman/candidates/java/11.0.15.9.1-amzn!/jdk.hotspot.agent" type="simple" />
            <root url="jrt:////wsl$/Ubuntu-22.04/home/nok/.sdkman/candidates/java/11.0.15.9.1-amzn!/jdk.httpserver" type="simple" />
            <root url="jrt:////wsl$/Ubuntu-22.04/home/nok/.sdkman/candidates/java/11.0.15.9.1-amzn!/jdk.internal.ed" type="simple" />
            <root url="jrt:////wsl$/Ubuntu-22.04/home/nok/.sdkman/candidates/java/11.0.15.9.1-amzn!/jdk.internal.jvmstat" type="simple" />
            <root url="jrt:////wsl$/Ubuntu-22.04/home/nok/.sdkman/candidates/java/11.0.15.9.1-amzn!/jdk.internal.le" type="simple" />
            <root url="jrt:////wsl$/Ubuntu-22.04/home/nok/.sdkman/candidates/java/11.0.15.9.1-amzn!/jdk.internal.opt" type="simple" />
            <root url="jrt:////wsl$/Ubuntu-22.04/home/nok/.sdkman/candidates/java/11.0.15.9.1-amzn!/jdk.internal.vm.ci" type="simple" />
            <root url="jrt:////wsl$/Ubuntu-22.04/home/nok/.sdkman/candidates/java/11.0.15.9.1-amzn!/jdk.internal.vm.compiler" type="simple" />
            <root url="jrt:////wsl$/Ubuntu-22.04/home/nok/.sdkman/candidates/java/11.0.15.9.1-amzn!/jdk.internal.vm.compiler.management" type="simple" />
            <root url="jrt:////wsl$/Ubuntu-22.04/home/nok/.sdkman/candidates/java/11.0.15.9.1-amzn!/jdk.jartool" type="simple" />
            <root url="jrt:////wsl$/Ubuntu-22.04/home/nok/.sdkman/candidates/java/11.0.15.9.1-amzn!/jdk.javadoc" type="simple" />
            <root url="jrt:////wsl$/Ubuntu-22.04/home/nok/.sdkman/candidates/java/11.0.15.9.1-amzn!/jdk.jcmd" type="simple" />
            <root url="jrt:////wsl$/Ubuntu-22.04/home/nok/.sdkman/candidates/java/11.0.15.9.1-amzn!/jdk.jconsole" type="simple" />
            <root url="jrt:////wsl$/Ubuntu-22.04/home/nok/.sdkman/candidates/java/11.0.15.9.1-amzn!/jdk.jdeps" type="simple" />
            <root url="jrt:////wsl$/Ubuntu-22.04/home/nok/.sdkman/candidates/java/11.0.15.9.1-amzn!/jdk.jdi" type="simple" />
            <root url="jrt:////wsl$/Ubuntu-22.04/home/nok/.sdkman/candidates/java/11.0.15.9.1-amzn!/jdk.jdwp.agent" type="simple" />
            <root url="jrt:////wsl$/Ubuntu-22.04/home/nok/.sdkman/candidates/java/11.0.15.9.1-amzn!/jdk.jfr" type="simple" />
            <root url="jrt:////wsl$/Ubuntu-22.04/home/nok/.sdkman/candidates/java/11.0.15.9.1-amzn!/jdk.jlink" type="simple" />
            <root url="jrt:////wsl$/Ubuntu-22.04/home/nok/.sdkman/candidates/java/11.0.15.9.1-amzn!/jdk.jshell" type="simple" />
            <root url="jrt:////wsl$/Ubuntu-22.04/home/nok/.sdkman/candidates/java/11.0.15.9.1-amzn!/jdk.jsobject" type="simple" />
            <root url="jrt:////wsl$/Ubuntu-22.04/home/nok/.sdkman/candidates/java/11.0.15.9.1-amzn!/jdk.jstatd" type="simple" />
            <root url="jrt:////wsl$/Ubuntu-22.04/home/nok/.sdkman/candidates/java/11.0.15.9.1-amzn!/jdk.localedata" type="simple" />
            <root url="jrt:////wsl$/Ubuntu-22.04/home/nok/.sdkman/candidates/java/11.0.15.9.1-amzn!/jdk.management" type="simple" />
            <root url="jrt:////wsl$/Ubuntu-22.04/home/nok/.sdkman/candidates/java/11.0.15.9.1-amzn!/jdk.management.agent" type="simple" />
            <root url="jrt:////wsl$/Ubuntu-22.04/home/nok/.sdkman/candidates/java/11.0.15.9.1-amzn!/jdk.management.jfr" type="simple" />
            <root url="jrt:////wsl$/Ubuntu-22.04/home/nok/.sdkman/candidates/java/11.0.15.9.1-amzn!/jdk.naming.dns" type="simple" />
            <root url="jrt:////wsl$/Ubuntu-22.04/home/nok/.sdkman/candidates/java/11.0.15.9.1-amzn!/jdk.naming.ldap" type="simple" />
            <root url="jrt:////wsl$/Ubuntu-22.04/home/nok/.sdkman/candidates/java/11.0.15.9.1-amzn!/jdk.naming.rmi" type="simple" />
            <root url="jrt:////wsl$/Ubuntu-22.04/home/nok/.sdkman/candidates/java/11.0.15.9.1-amzn!/jdk.net" type="simple" />
            <root url="jrt:////wsl$/Ubuntu-22.04/home/nok/.sdkman/candidates/java/11.0.15.9.1-amzn!/jdk.pack" type="simple" />
            <root url="jrt:////wsl$/Ubuntu-22.04/home/nok/.sdkman/candidates/java/11.0.15.9.1-amzn!/jdk.rmic" type="simple" />
            <root url="jrt:////wsl$/Ubuntu-22.04/home/nok/.sdkman/candidates/java/11.0.15.9.1-amzn!/jdk.scripting.nashorn" type="simple" />
            <root url="jrt:////wsl$/Ubuntu-22.04/home/nok/.sdkman/candidates/java/11.0.15.9.1-amzn!/jdk.scripting.nashorn.shell" type="simple" />
            <root url="jrt:////wsl$/Ubuntu-22.04/home/nok/.sdkman/candidates/java/11.0.15.9.1-amzn!/jdk.sctp" type="simple" />
            <root url="jrt:////wsl$/Ubuntu-22.04/home/nok/.sdkman/candidates/java/11.0.15.9.1-amzn!/jdk.security.auth" type="simple" />
            <root url="jrt:////wsl$/Ubuntu-22.04/home/nok/.sdkman/candidates/java/11.0.15.9.1-amzn!/jdk.security.jgss" type="simple" />
            <root url="jrt:////wsl$/Ubuntu-22.04/home/nok/.sdkman/candidates/java/11.0.15.9.1-amzn!/jdk.unsupported" type="simple" />
            <root url="jrt:////wsl$/Ubuntu-22.04/home/nok/.sdkman/candidates/java/11.0.15.9.1-amzn!/jdk.unsupported.desktop" type="simple" />
            <root url="jrt:////wsl$/Ubuntu-22.04/home/nok/.sdkman/candidates/java/11.0.15.9.1-amzn!/jdk.xml.dom" type="simple" />
            <root url="jrt:////wsl$/Ubuntu-22.04/home/nok/.sdkman/candidates/java/11.0.15.9.1-amzn!/jdk.zipfs" type="simple" />
          </root>
        </classPath>
        <javadocPath>
          <root type="composite" />
        </javadocPath>
        <sourcePath>
          <root type="composite">
            <root url="jar:////wsl$/Ubuntu-22.04/home/nok/.sdkman/candidates/java/11.0.15.9.1-amzn/lib/src.zip!/java.se" type="simple" />
            <root url="jar:////wsl$/Ubuntu-22.04/home/nok/.sdkman/candidates/java/11.0.15.9.1-amzn/lib/src.zip!/jdk.aot" type="simple" />
            <root url="jar:////wsl$/Ubuntu-22.04/home/nok/.sdkman/candidates/java/11.0.15.9.1-amzn/lib/src.zip!/jdk.jdi" type="simple" />
            <root url="jar:////wsl$/Ubuntu-22.04/home/nok/.sdkman/candidates/java/11.0.15.9.1-amzn/lib/src.zip!/jdk.jfr" type="simple" />
            <root url="jar:////wsl$/Ubuntu-22.04/home/nok/.sdkman/candidates/java/11.0.15.9.1-amzn/lib/src.zip!/jdk.net" type="simple" />
            <root url="jar:////wsl$/Ubuntu-22.04/home/nok/.sdkman/candidates/java/11.0.15.9.1-amzn/lib/src.zip!/java.rmi" type="simple" />
            <root url="jar:////wsl$/Ubuntu-22.04/home/nok/.sdkman/candidates/java/11.0.15.9.1-amzn/lib/src.zip!/java.sql" type="simple" />
            <root url="jar:////wsl$/Ubuntu-22.04/home/nok/.sdkman/candidates/java/11.0.15.9.1-amzn/lib/src.zip!/java.xml" type="simple" />
            <root url="jar:////wsl$/Ubuntu-22.04/home/nok/.sdkman/candidates/java/11.0.15.9.1-amzn/lib/src.zip!/jdk.jcmd" type="simple" />
            <root url="jar:////wsl$/Ubuntu-22.04/home/nok/.sdkman/candidates/java/11.0.15.9.1-amzn/lib/src.zip!/jdk.pack" type="simple" />
            <root url="jar:////wsl$/Ubuntu-22.04/home/nok/.sdkman/candidates/java/11.0.15.9.1-amzn/lib/src.zip!/jdk.rmic" type="simple" />
            <root url="jar:////wsl$/Ubuntu-22.04/home/nok/.sdkman/candidates/java/11.0.15.9.1-amzn/lib/src.zip!/jdk.sctp" type="simple" />
            <root url="jar:////wsl$/Ubuntu-22.04/home/nok/.sdkman/candidates/java/11.0.15.9.1-amzn/lib/src.zip!/java.base" type="simple" />
            <root url="jar:////wsl$/Ubuntu-22.04/home/nok/.sdkman/candidates/java/11.0.15.9.1-amzn/lib/src.zip!/jdk.jdeps" type="simple" />
            <root url="jar:////wsl$/Ubuntu-22.04/home/nok/.sdkman/candidates/java/11.0.15.9.1-amzn/lib/src.zip!/jdk.jlink" type="simple" />
            <root url="jar:////wsl$/Ubuntu-22.04/home/nok/.sdkman/candidates/java/11.0.15.9.1-amzn/lib/src.zip!/jdk.zipfs" type="simple" />
            <root url="jar:////wsl$/Ubuntu-22.04/home/nok/.sdkman/candidates/java/11.0.15.9.1-amzn/lib/src.zip!/java.prefs" type="simple" />
            <root url="jar:////wsl$/Ubuntu-22.04/home/nok/.sdkman/candidates/java/11.0.15.9.1-amzn/lib/src.zip!/jdk.attach" type="simple" />
            <root url="jar:////wsl$/Ubuntu-22.04/home/nok/.sdkman/candidates/java/11.0.15.9.1-amzn/lib/src.zip!/jdk.jshell" type="simple" />
            <root url="jar:////wsl$/Ubuntu-22.04/home/nok/.sdkman/candidates/java/11.0.15.9.1-amzn/lib/src.zip!/jdk.jstatd" type="simple" />
            <root url="jar:////wsl$/Ubuntu-22.04/home/nok/.sdkman/candidates/java/11.0.15.9.1-amzn/lib/src.zip!/java.naming" type="simple" />
            <root url="jar:////wsl$/Ubuntu-22.04/home/nok/.sdkman/candidates/java/11.0.15.9.1-amzn/lib/src.zip!/jdk.editpad" type="simple" />
            <root url="jar:////wsl$/Ubuntu-22.04/home/nok/.sdkman/candidates/java/11.0.15.9.1-amzn/lib/src.zip!/jdk.jartool" type="simple" />
            <root url="jar:////wsl$/Ubuntu-22.04/home/nok/.sdkman/candidates/java/11.0.15.9.1-amzn/lib/src.zip!/jdk.javadoc" type="simple" />
            <root url="jar:////wsl$/Ubuntu-22.04/home/nok/.sdkman/candidates/java/11.0.15.9.1-amzn/lib/src.zip!/jdk.xml.dom" type="simple" />
            <root url="jar:////wsl$/Ubuntu-22.04/home/nok/.sdkman/candidates/java/11.0.15.9.1-amzn/lib/src.zip!/java.desktop" type="simple" />
            <root url="jar:////wsl$/Ubuntu-22.04/home/nok/.sdkman/candidates/java/11.0.15.9.1-amzn/lib/src.zip!/java.logging" type="simple" />
            <root url="jar:////wsl$/Ubuntu-22.04/home/nok/.sdkman/candidates/java/11.0.15.9.1-amzn/lib/src.zip!/jdk.charsets" type="simple" />
            <root url="jar:////wsl$/Ubuntu-22.04/home/nok/.sdkman/candidates/java/11.0.15.9.1-amzn/lib/src.zip!/jdk.compiler" type="simple" />
            <root url="jar:////wsl$/Ubuntu-22.04/home/nok/.sdkman/candidates/java/11.0.15.9.1-amzn/lib/src.zip!/jdk.dynalink" type="simple" />
            <root url="jar:////wsl$/Ubuntu-22.04/home/nok/.sdkman/candidates/java/11.0.15.9.1-amzn/lib/src.zip!/jdk.jconsole" type="simple" />
            <root url="jar:////wsl$/Ubuntu-22.04/home/nok/.sdkman/candidates/java/11.0.15.9.1-amzn/lib/src.zip!/jdk.jsobject" type="simple" />
            <root url="jar:////wsl$/Ubuntu-22.04/home/nok/.sdkman/candidates/java/11.0.15.9.1-amzn/lib/src.zip!/java.compiler" type="simple" />
            <root url="jar:////wsl$/Ubuntu-22.04/home/nok/.sdkman/candidates/java/11.0.15.9.1-amzn/lib/src.zip!/java.net.http" type="simple" />
            <root url="jar:////wsl$/Ubuntu-22.04/home/nok/.sdkman/candidates/java/11.0.15.9.1-amzn/lib/src.zip!/jdk.crypto.ec" type="simple" />
            <root url="jar:////wsl$/Ubuntu-22.04/home/nok/.sdkman/candidates/java/11.0.15.9.1-amzn/lib/src.zip!/java.scripting" type="simple" />
            <root url="jar:////wsl$/Ubuntu-22.04/home/nok/.sdkman/candidates/java/11.0.15.9.1-amzn/lib/src.zip!/jdk.httpserver" type="simple" />
            <root url="jar:////wsl$/Ubuntu-22.04/home/nok/.sdkman/candidates/java/11.0.15.9.1-amzn/lib/src.zip!/jdk.jdwp.agent" type="simple" />
            <root url="jar:////wsl$/Ubuntu-22.04/home/nok/.sdkman/candidates/java/11.0.15.9.1-amzn/lib/src.zip!/jdk.localedata" type="simple" />
            <root url="jar:////wsl$/Ubuntu-22.04/home/nok/.sdkman/candidates/java/11.0.15.9.1-amzn/lib/src.zip!/jdk.management" type="simple" />
            <root url="jar:////wsl$/Ubuntu-22.04/home/nok/.sdkman/candidates/java/11.0.15.9.1-amzn/lib/src.zip!/jdk.naming.dns" type="simple" />
            <root url="jar:////wsl$/Ubuntu-22.04/home/nok/.sdkman/candidates/java/11.0.15.9.1-amzn/lib/src.zip!/jdk.naming.rmi" type="simple" />
            <root url="jar:////wsl$/Ubuntu-22.04/home/nok/.sdkman/candidates/java/11.0.15.9.1-amzn/lib/src.zip!/java.instrument" type="simple" />
            <root url="jar:////wsl$/Ubuntu-22.04/home/nok/.sdkman/candidates/java/11.0.15.9.1-amzn/lib/src.zip!/java.management" type="simple" />
            <root url="jar:////wsl$/Ubuntu-22.04/home/nok/.sdkman/candidates/java/11.0.15.9.1-amzn/lib/src.zip!/java.sql.rowset" type="simple" />
            <root url="jar:////wsl$/Ubuntu-22.04/home/nok/.sdkman/candidates/java/11.0.15.9.1-amzn/lib/src.zip!/java.xml.crypto" type="simple" />
            <root url="jar:////wsl$/Ubuntu-22.04/home/nok/.sdkman/candidates/java/11.0.15.9.1-amzn/lib/src.zip!/jdk.internal.ed" type="simple" />
            <root url="jar:////wsl$/Ubuntu-22.04/home/nok/.sdkman/candidates/java/11.0.15.9.1-amzn/lib/src.zip!/jdk.internal.le" type="simple" />
            <root url="jar:////wsl$/Ubuntu-22.04/home/nok/.sdkman/candidates/java/11.0.15.9.1-amzn/lib/src.zip!/jdk.naming.ldap" type="simple" />
            <root url="jar:////wsl$/Ubuntu-22.04/home/nok/.sdkman/candidates/java/11.0.15.9.1-amzn/lib/src.zip!/jdk.unsupported" type="simple" />
            <root url="jar:////wsl$/Ubuntu-22.04/home/nok/.sdkman/candidates/java/11.0.15.9.1-amzn/lib/src.zip!/java.smartcardio" type="simple" />
            <root url="jar:////wsl$/Ubuntu-22.04/home/nok/.sdkman/candidates/java/11.0.15.9.1-amzn/lib/src.zip!/jdk.internal.opt" type="simple" />
            <root url="jar:////wsl$/Ubuntu-22.04/home/nok/.sdkman/candidates/java/11.0.15.9.1-amzn/lib/src.zip!/java.datatransfer" type="simple" />
            <root url="jar:////wsl$/Ubuntu-22.04/home/nok/.sdkman/candidates/java/11.0.15.9.1-amzn/lib/src.zip!/jdk.accessibility" type="simple" />
            <root url="jar:////wsl$/Ubuntu-22.04/home/nok/.sdkman/candidates/java/11.0.15.9.1-amzn/lib/src.zip!/jdk.hotspot.agent" type="simple" />
            <root url="jar:////wsl$/Ubuntu-22.04/home/nok/.sdkman/candidates/java/11.0.15.9.1-amzn/lib/src.zip!/jdk.security.auth" type="simple" />
            <root url="jar:////wsl$/Ubuntu-22.04/home/nok/.sdkman/candidates/java/11.0.15.9.1-amzn/lib/src.zip!/jdk.security.jgss" type="simple" />
            <root url="jar:////wsl$/Ubuntu-22.04/home/nok/.sdkman/candidates/java/11.0.15.9.1-amzn/lib/src.zip!/java.security.jgss" type="simple" />
            <root url="jar:////wsl$/Ubuntu-22.04/home/nok/.sdkman/candidates/java/11.0.15.9.1-amzn/lib/src.zip!/java.security.sasl" type="simple" />
            <root url="jar:////wsl$/Ubuntu-22.04/home/nok/.sdkman/candidates/java/11.0.15.9.1-amzn/lib/src.zip!/jdk.internal.vm.ci" type="simple" />
            <root url="jar:////wsl$/Ubuntu-22.04/home/nok/.sdkman/candidates/java/11.0.15.9.1-amzn/lib/src.zip!/jdk.management.jfr" type="simple" />
            <root url="jar:////wsl$/Ubuntu-22.04/home/nok/.sdkman/candidates/java/11.0.15.9.1-amzn/lib/src.zip!/java.management.rmi" type="simple" />
            <root url="jar:////wsl$/Ubuntu-22.04/home/nok/.sdkman/candidates/java/11.0.15.9.1-amzn/lib/src.zip!/java.transaction.xa" type="simple" />
            <root url="jar:////wsl$/Ubuntu-22.04/home/nok/.sdkman/candidates/java/11.0.15.9.1-amzn/lib/src.zip!/jdk.crypto.cryptoki" type="simple" />
            <root url="jar:////wsl$/Ubuntu-22.04/home/nok/.sdkman/candidates/java/11.0.15.9.1-amzn/lib/src.zip!/jdk.internal.jvmstat" type="simple" />
            <root url="jar:////wsl$/Ubuntu-22.04/home/nok/.sdkman/candidates/java/11.0.15.9.1-amzn/lib/src.zip!/jdk.management.agent" type="simple" />
            <root url="jar:////wsl$/Ubuntu-22.04/home/nok/.sdkman/candidates/java/11.0.15.9.1-amzn/lib/src.zip!/jdk.scripting.nashorn" type="simple" />
            <root url="jar:////wsl$/Ubuntu-22.04/home/nok/.sdkman/candidates/java/11.0.15.9.1-amzn/lib/src.zip!/jdk.unsupported.desktop" type="simple" />
            <root url="jar:////wsl$/Ubuntu-22.04/home/nok/.sdkman/candidates/java/11.0.15.9.1-amzn/lib/src.zip!/jdk.internal.vm.compiler" type="simple" />
            <root url="jar:////wsl$/Ubuntu-22.04/home/nok/.sdkman/candidates/java/11.0.15.9.1-amzn/lib/src.zip!/jdk.scripting.nashorn.shell" type="simple" />
            <root url="jar:////wsl$/Ubuntu-22.04/home/nok/.sdkman/candidates/java/11.0.15.9.1-amzn/lib/src.zip!/jdk.internal.vm.compiler.management" type="simple" />
          </root>
        </sourcePath>
      </roots>
      <additional />
    </jdk>
  </component>
</application>