<application>
  <component name="NodeJsLocalInterpreterManager">
    <local-interpreter path="$USER_HOME$/.nvm/versions/node/v18.5.0/bin/node" />
    <local-interpreter path="$USER_HOME$/.nvm/versions/node/v16.16.0/bin/node">
      <version-cache version="16.16.0" last-modified="1657195538000" />
    </local-interpreter>
  </component>
  <component name="WslNodeInterpreterManager">
    <wsl-interpreter distribution="Ubuntu-22.04" path="$USER_HOME$/.nvm/versions/node/v16.16.0/bin/node" />
  </component>
</application>