<application>
  <component name="NodeJsLocalInterpreterManager">
    <local-interpreter path="$USER_HOME$/.nvm/versions/node/v18.12.0/bin/node">
      <version-cache version="18.12.0" last-modified="1666711744000" />
    </local-interpreter>
    <local-interpreter path="$USER_HOME$/.nvm/versions/node/v18.6.0/bin/node">
      <version-cache version="18.6.0" last-modified="1657721826000" />
    </local-interpreter>
    <local-interpreter path="$USER_HOME$/.nvm/versions/node/v18.5.0/bin/node">
      <version-cache last-modified="0" />
    </local-interpreter>
    <local-interpreter path="$USER_HOME$/.nvm/versions/node/v17.9.0/bin/node">
      <version-cache version="17.9.0" last-modified="1649355856000" />
    </local-interpreter>
    <local-interpreter path="$USER_HOME$/.nvm/versions/node/v16.18.0/bin/node">
      <version-cache version="16.18.0" last-modified="1665576055000" />
    </local-interpreter>
    <local-interpreter path="$USER_HOME$/.nvm/versions/node/v16.17.1/bin/node">
      <version-cache version="16.17.1" last-modified="1663900955000" />
    </local-interpreter>
    <local-interpreter path="$USER_HOME$/.nvm/versions/node/v16.16.0/bin/node">
      <version-cache last-modified="0" />
    </local-interpreter>
    <local-interpreter path="$USER_HOME$/.nvm/versions/node/v16.14.2/bin/node">
      <version-cache version="16.14.2" last-modified="1647553970000" />
    </local-interpreter>
    <local-interpreter path="$USER_HOME$/.nvm/versions/node/v16.14.0/bin/node">
      <version-cache version="16.14.0" last-modified="1644324544000" />
    </local-interpreter>
    <local-interpreter path="$USER_HOME$/.nvm/versions/node/v16.13.0/bin/node">
      <version-cache version="16.13.0" last-modified="1635249248000" />
    </local-interpreter>
  </component>
  <component name="WslNodeInterpreterManager">
    <wsl-interpreter distribution="Ubuntu-22.04" path="$USER_HOME$/.nvm/versions/node/v16.16.0/bin/node" />
  </component>
</application>